Alle studenten,,,,,,,,,,,,,,,,,,,,,,,,,,,,,,,,,,,,,,,,,
Naam,Voornaam,nummer,onlineID,ijkingstoetssessie,FeedbackGroep,TOTAAL,juist,fout,blanco,scoreA,juistA,foutA,blancoA,scoreB,juistB,foutB,blancoB,scoreC,juistC,foutC,blancoC,scoreD,juistD,foutD,blancoD,scoreE,juistE,foutE,blancoE,scoreF,juistF,foutF,blancoF,scoreG,juistG,foutG,blancoG,scoreH,juistH,foutH,blancoH
,,33946,bi1590991636mrFnEbR3Ixyt0HIQUPdLmqNFbkmul9,20,A,20,,,,20,,,,20,,,,,,,,,,,,,,,,,,,,,,,,,,,
,,33947,bi1590998082roPiQccn2ryCT0Rb65qvgtXUa6C3gW,20,A,10,,,,2,,,,13,,,,,,,,,,,,,,,,,,,,,,,,,,,
,,33948,bi1590998992BhCfSe88ItwTCWvAHNC95Jozuzn7Vn,20,A,15,,,,7,,,,19,,,,,,,,,,,,,,,,,,,,,,,,,,,
,,33949,bi1591001853tEXXL9kPnZdox5f90lSq4F2TobkM2f,20,A,19,,,,20,,,,18,,,,,,,,,,,,,,,,,,,,,,,,,,,
,,33951,bi1591003702fnloeASELhjgIPLbJG8DAUnEncJajp,20,A,16,,,,20,,,,15,,,,,,,,,,,,,,,,,,,,,,,,,,,
,,33952,bi1591003820uGnRQvi0GKTuWoeUFHGPDEl2H5x9ez,20,A,16,,,,9,,,,18,,,,,,,,,,,,,,,,,,,,,,,,,,,
,,33953,bi159100583238LpqO2GUEeKjOMdUhwiBXt8M8E1FZ,20,A,20,,,,20,,,,20,,,,,,,,,,,,,,,,,,,,,,,,,,,
,,33954,bi1591006574ASeDprpNDi7bqszVfBfrEwpTUfW1Hk,20,B,2,,,,-1,,,,3,,,,,,,,,,,,,,,,,,,,,,,,,,,
,,33955,bi1591006587uaCJ7Z1BvYzYA1D5mW6zdZMpOD2DRN,20,A,11,,,,-1,,,,15,,,,,,,,,,,,,,,,,,,,,,,,,,,
,,33956,bi1591008229lcopUK835xGB0s6FUGPBI411xTSB7H,20,A,15,,,,13,,,,15,,,,,,,,,,,,,,,,,,,,,,,,,,,
,,33957,bi1591008434bcZuLUA0vZNNSPgT56lNS4dRWbKb8q,20,A,16,,,,11,,,,18,,,,,,,,,,,,,,,,,,,,,,,,,,,
,,33958,bi1591008526wrVsk3euhWbZVOazaZVW4Zvh4fMhkX,20,B,5,,,,7,,,,5,,,,,,,,,,,,,,,,,,,,,,,,,,,
,,33959,bi1591008806RJ2FI3oGOxVNMpCQdpcYOfBVaBiqNf,20,A,16,,,,20,,,,14,,,,,,,,,,,,,,,,,,,,,,,,,,,
,,33960,bi15910089874FwQrqo4bvKA3WeSLa4AMc7YQCi9sp,20,A,15,,,,9,,,,17,,,,,,,,,,,,,,,,,,,,,,,,,,,
,,33961,bi1591011152BrOGrNCVBh7uuARTGt8WI358ofAR4Z,20,B,8,,,,8,,,,8,,,,,,,,,,,,,,,,,,,,,,,,,,,
,,33963,bi1591013445YFdavtVoy1R9nbM5ODaaBgaGldY7MF,20,A,16,,,,16,,,,17,,,,,,,,,,,,,,,,,,,,,,,,,,,
,,33964,bi1591014100kSqyP60SZzBybVSEcth3JSMe9TFVob,20,A,14,,,,7,,,,17,,,,,,,,,,,,,,,,,,,,,,,,,,,
,,33966,bi1591017881hJFidNAuD338LYmgGvda8d0BVasWu0,20,A,11,,,,6,,,,13,,,,,,,,,,,,,,,,,,,,,,,,,,,
,,33969,bi1591022461J424pIGVMOk6DyMOHSVVjkdH4yBLtS,20,A,18,,,,17,,,,19,,,,,,,,,,,,,,,,,,,,,,,,,,,
,,33973,bi1591025221ee4bDFqZE46GZHPgRp1wTOiWOVobhW,20,B,6,,,,2,,,,8,,,,,,,,,,,,,,,,,,,,,,,,,,,
,,33975,bi1591028248Liumd5eMQgRGOZbeVt4UW3T9tgjS2v,20,A,18,,,,16,,,,18,,,,,,,,,,,,,,,,,,,,,,,,,,,
,,33976,bi1591028841RQia5K8lr29oAMni8Az7FywCXBes51,20,A,20,,,,20,,,,20,,,,,,,,,,,,,,,,,,,,,,,,,,,
,,33977,bi159102914523BZKyfOD970FOYipMr8SEHeLIhf6e,20,A,18,,,,16,,,,18,,,,,,,,,,,,,,,,,,,,,,,,,,,
,,33978,bi1591032622kIb8M0Kmj3mRRPhZP0R5m1VpskgAPy,20,A,20,,,,20,,,,20,,,,,,,,,,,,,,,,,,,,,,,,,,,
,,33979,bi1591033126xApRp0mij6SRqrX2Lgjk78kyCdEmzp,20,A,19,,,,20,,,,18,,,,,,,,,,,,,,,,,,,,,,,,,,,
,,33980,bi1591039513bDPV56pZmqe8LJYzWx6xlXTM6sGij8,20,A,18,,,,16,,,,18,,,,,,,,,,,,,,,,,,,,,,,,,,,
,,33982,bi1591041816hgLk0IEa3P13pO9iZLUAcyt7Ns3vJ3,20,A,14,,,,11,,,,15,,,,,,,,,,,,,,,,,,,,,,,,,,,
,,33986,bi1591046472oUxA58VRM0OyX95H7boKu8enIDcrI6,20,A,13,,,,10,,,,14,,,,,,,,,,,,,,,,,,,,,,,,,,,
,,33988,bi1591089221pt4DODsOYcEmnfs5Wa4Srp0m0ffMhT,20,A,16,,,,12,,,,18,,,,,,,,,,,,,,,,,,,,,,,,,,,
,,33991,bi1591102645h0s5lkRVuGRp2sR02jQG5VL668IfQJ,20,A,17,,,,12,,,,18,,,,,,,,,,,,,,,,,,,,,,,,,,,
,,33992,bi15911074347TqWHfI2WnYJhwHaNRc9h06lZiwbsp,20,A,16,,,,11,,,,18,,,,,,,,,,,,,,,,,,,,,,,,,,,
,,34730,bi1591108464wm4Dh9ut3kGx1hWwuKd3WSmdX6Sr54,20,A,19,,,,20,,,,18,,,,,,,,,,,,,,,,,,,,,,,,,,,
,,33994,bi1591109601o9HzOTkzCOgxDOQSl2pCDLrVvWkkaF,20,A,13,,,,3,,,,16,,,,,,,,,,,,,,,,,,,,,,,,,,,
,,33995,bi1591113297EI4DPBXu5TZUvMtbVElxzeB1oGCGQD,20,B,8,,,,0,,,,11,,,,,,,,,,,,,,,,,,,,,,,,,,,
,,33997,bi1591119983Ir0AtbIW6INEe6csuV9oKCXSE6yQYR,20,A,16,,,,20,,,,15,,,,,,,,,,,,,,,,,,,,,,,,,,,
,,33999,bi1591122309gEPP8pd5tVCcK0F9i6NSGmAAUMiRwD,20,A,16,,,,17,,,,15,,,,,,,,,,,,,,,,,,,,,,,,,,,
,,34003,bi1591133784NAkSgrXZ2GQkMD4XIqev6rYe9kDFL8,20,B,8,,,,4,,,,9,,,,,,,,,,,,,,,,,,,,,,,,,,,
,,34004,bi1591167094ehIHeUfrhB4xkaJqd7LrVlr60ZlAmb,20,B,9,,,,4,,,,11,,,,,,,,,,,,,,,,,,,,,,,,,,,
,,34006,bi159117013652NwueQkB5jMbWiokUpGlJXVpRZwAS,20,A,20,,,,20,,,,20,,,,,,,,,,,,,,,,,,,,,,,,,,,
,,34007,bi1591173141zSzYFfwGJqSYz4qqR9AqLyWhi54Qoe,20,A,13,,,,13,,,,13,,,,,,,,,,,,,,,,,,,,,,,,,,,
,,34010,bi1591184211LEy1ejYHQK32NQRIWHpwTBmcuW6hSI,20,B,6,,,,7,,,,6,,,,,,,,,,,,,,,,,,,,,,,,,,,
,,34011,bi1591186995XZ3LYhPBTwWjlL4hC4WKwVBq6RXvbO,20,B,7,,,,0,,,,9,,,,,,,,,,,,,,,,,,,,,,,,,,,
,,34012,bi1591188542rkPVs5SOzrLjL0i6V5t0Pgq3qjnj6E,20,A,18,,,,16,,,,18,,,,,,,,,,,,,,,,,,,,,,,,,,,
,,34013,bi1591190739hHSScPtGDaGS6d4U2xAcfzBOthDesz,20,A,19,,,,16,,,,20,,,,,,,,,,,,,,,,,,,,,,,,,,,
,,34015,bi1591191685un746rZYEV5KzFfaSnDp3o87bamTU2,20,A,12,,,,3,,,,15,,,,,,,,,,,,,,,,,,,,,,,,,,,
,,34016,bi15911946352RiMxSx7VeTGXpcTGGafat4V8pqIvS,20,A,13,,,,7,,,,15,,,,,,,,,,,,,,,,,,,,,,,,,,,
,,34018,bi1591203081dFs5UXxFPwPlxTpSRx3j39cu2JDE7Z,20,A,11,,,,9,,,,12,,,,,,,,,,,,,,,,,,,,,,,,,,,
,,34019,bi1591203444mSFI5aPsBFeh18NPGmrhLJqGYt98iZ,20,A,17,,,,20,,,,16,,,,,,,,,,,,,,,,,,,,,,,,,,,
,,34020,bi1591204029ngDxcohHei7PfYREf3P29wGIIajhDJ,20,A,10,,,,6,,,,12,,,,,,,,,,,,,,,,,,,,,,,,,,,
,,34023,bi1591217825fluckUeIWNiTelWcCiF9SomwtBjla6,20,B,9,,,,9,,,,10,,,,,,,,,,,,,,,,,,,,,,,,,,,
,,34024,bi1591218090wMfpR8mHo0mUx3hTl9VSCOvqYG03rr,20,A,19,,,,20,,,,18,,,,,,,,,,,,,,,,,,,,,,,,,,,
,,34025,bi15912321753xD11UPOQPNjAJALxhg7G6xNN6qxCm,20,A,15,,,,17,,,,14,,,,,,,,,,,,,,,,,,,,,,,,,,,
,,34026,bi1591244674gOS6J98Xdo7IMdeIrP94mOxhtTonhR,20,A,18,,,,20,,,,17,,,,,,,,,,,,,,,,,,,,,,,,,,,
,,34027,bi15912461587LbC9SmUznCrBmbVV43XoL1OGBkS0L,20,A,14,,,,11,,,,15,,,,,,,,,,,,,,,,,,,,,,,,,,,
,,34028,bi1591253237GfUd92P42D0idyT8PNezT8lzVd21j1,20,B,8,,,,7,,,,8,,,,,,,,,,,,,,,,,,,,,,,,,,,
,,34032,bi1591271729C8RdwfrnJNXFQwoB3GYSeBpdnO98lU,20,A,12,,,,17,,,,10,,,,,,,,,,,,,,,,,,,,,,,,,,,
,,34034,bi1591283680xu30PeHiTLLaUEdzFyCcFBeb4HwsqS,20,A,17,,,,20,,,,16,,,,,,,,,,,,,,,,,,,,,,,,,,,
,,34035,bi15912837283Lq2z9zICzr3Xu7ac3vRCf5VjN7yat,20,B,7,,,,2,,,,8,,,,,,,,,,,,,,,,,,,,,,,,,,,
,,34036,bi15912873812Oi25jo5eDB4p2bXuhgPelCyfpMdmz,20,A,20,,,,20,,,,20,,,,,,,,,,,,,,,,,,,,,,,,,,,
,,34038,bi1591297571J20lleYT95JJHsyBP5pIHQUsLlxIjC,20,A,20,,,,20,,,,20,,,,,,,,,,,,,,,,,,,,,,,,,,,
,,34732,bi1591342320WTedSQqZgCNHB3K9uBRltK5GVrg3FE,20,A,18,,,,20,,,,18,,,,,,,,,,,,,,,,,,,,,,,,,,,
,,34040,bi1591343296tLS8n71ksUeAupPyv5w6spE25XKf7u,20,A,13,,,,16,,,,12,,,,,,,,,,,,,,,,,,,,,,,,,,,
,,34041,bi1591344757LSwGf0UdDyEvBsKbxRPa7VuKipPSL5,20,A,20,,,,20,,,,20,,,,,,,,,,,,,,,,,,,,,,,,,,,
,,34044,bi1591363736GuH2Utsfyy4u9cIHJkDrOasLnwm2vC,20,B,7,,,,-4,,,,12,,,,,,,,,,,,,,,,,,,,,,,,,,,
,,34045,bi1591366134dAXYv1sHrKXTg7KglI8NSmCQ1d8RnC,20,A,17,,,,12,,,,18,,,,,,,,,,,,,,,,,,,,,,,,,,,
,,34047,bi1591370841P0HIm8EymG49H4L37XXdRmHGmuQCx1,20,A,15,,,,16,,,,15,,,,,,,,,,,,,,,,,,,,,,,,,,,
,,34048,bi1591378537eVFXVS4eyejhcHcbSpSkjT6tpH7Wzm,20,A,15,,,,16,,,,15,,,,,,,,,,,,,,,,,,,,,,,,,,,
,,34049,bi1591378544u9d3VmoHDo4VC6gzINIpg94lWq2yxO,20,A,17,,,,17,,,,17,,,,,,,,,,,,,,,,,,,,,,,,,,,
,,34050,bi1591379278tYBHGcjIm98x3WM1CD76r27CkB6VCm,20,A,18,,,,20,,,,18,,,,,,,,,,,,,,,,,,,,,,,,,,,
,,34051,bi1591380569KMznnthPUA48j06kEAXFNq5Yd2RTbB,20,A,18,,,,16,,,,18,,,,,,,,,,,,,,,,,,,,,,,,,,,
,,34053,bi1591382504ssF2bmfV8CrCYr8wGDR5VECq5izNRL,20,A,19,,,,20,,,,18,,,,,,,,,,,,,,,,,,,,,,,,,,,
,,34056,bi1591425762hR541ADxBQCK6fG8or0esojWE3Ufka,20,A,15,,,,11,,,,17,,,,,,,,,,,,,,,,,,,,,,,,,,,
,,34060,bi1591442548QT5kMP4w5RiYkFoKAj51dDLwNbtV9A,20,A,15,,,,9,,,,17,,,,,,,,,,,,,,,,,,,,,,,,,,,
,,34061,bi1591445144TsR10XgERTQj4K5s3fSeULIsLLi2YC,20,A,16,,,,17,,,,15,,,,,,,,,,,,,,,,,,,,,,,,,,,
,,34062,bi1591446618fOWEG1B1cG39wfBkZpSC0b71O6Kcoh,20,A,16,,,,11,,,,18,,,,,,,,,,,,,,,,,,,,,,,,,,,
,,34063,bi1591449049HHqbJ29p36C8PIfuDrOMbOa0GTWxsh,20,A,14,,,,7,,,,17,,,,,,,,,,,,,,,,,,,,,,,,,,,
,,34067,bi1591452061GfOlzFk9Uuy75vzjnbdgLnWn6NMH1Q,20,A,17,,,,20,,,,16,,,,,,,,,,,,,,,,,,,,,,,,,,,
,,34069,bi1591459437f18t25jfs4QwvvTnHiPI8YlyxW9cIH,20,B,4,,,,7,,,,3,,,,,,,,,,,,,,,,,,,,,,,,,,,
,,34070,bi1591460901ilD84zuZ5OISWW4BvPnGMghnpWp306,20,A,14,,,,12,,,,15,,,,,,,,,,,,,,,,,,,,,,,,,,,
,,34071,bi1591463171VimH1NIqiR7B9XY9CH4q7wQhduWkTd,20,A,16,,,,16,,,,16,,,,,,,,,,,,,,,,,,,,,,,,,,,
,,34073,bi1591512840DjHCeGWikLlwhCEXl1nHqiUVaoyVnE,20,A,19,,,,20,,,,18,,,,,,,,,,,,,,,,,,,,,,,,,,,
,,34074,bi1591515456vVG1bhfIFUgp2ErQTBK3fOyPHJqiaV,20,A,11,,,,10,,,,11,,,,,,,,,,,,,,,,,,,,,,,,,,,
,,34075,bi1591518784ty5Bg9zJzGoLkbx1I0vfk1Swn39N9T,20,A,19,,,,20,,,,18,,,,,,,,,,,,,,,,,,,,,,,,,,,
,,34077,bi1591523031Chrz22jJrqoW2HDqDn2qsQQZurKw6O,20,A,16,,,,9,,,,18,,,,,,,,,,,,,,,,,,,,,,,,,,,
,,34078,bi1591523722wUC72lYwfzNKuszAa2DBr5AvEEBhxv,20,A,12,,,,7,,,,14,,,,,,,,,,,,,,,,,,,,,,,,,,,
,,34079,bi15915248898eD3QpBKyYdvJ1urBhpgi9O1QFr3cy,20,A,17,,,,12,,,,18,,,,,,,,,,,,,,,,,,,,,,,,,,,
,,34081,bi15915361825q2sKmOEoGbbahxIHiJbKYHRvL9SWc,20,A,18,,,,20,,,,17,,,,,,,,,,,,,,,,,,,,,,,,,,,
,,34082,bi1591536218H9xnTx6Hv94IdexzAWUcXujQHMyBIn,20,A,19,,,,20,,,,18,,,,,,,,,,,,,,,,,,,,,,,,,,,
,,34083,bi1591538072htcI89vpHGfbFA03x70aAfj2Yqxbbv,20,A,13,,,,12,,,,13,,,,,,,,,,,,,,,,,,,,,,,,,,,
,,34084,bi1591539948cHXSNgfzhVyFucLnbRqnp4U3YQFZ4J,20,A,17,,,,17,,,,17,,,,,,,,,,,,,,,,,,,,,,,,,,,
,,34085,bi1591545470B4Y8T9RcgjrHqDj8qOZldhGwGCArIX,20,A,10,,,,11,,,,10,,,,,,,,,,,,,,,,,,,,,,,,,,,
,,34087,bi15915476187lROInoXqRM5P5vJUCJPOXVzVOyCBX,20,B,4,,,,4,,,,4,,,,,,,,,,,,,,,,,,,,,,,,,,,
,,34089,bi1591555530BamTsoi0zR8vuOg7mdPMFtKDmohoAm,20,A,15,,,,16,,,,15,,,,,,,,,,,,,,,,,,,,,,,,,,,
,,34090,bi1591556086abGm1kqj4frVAbadIgofUOrDrNmNtj,20,A,15,,,,16,,,,15,,,,,,,,,,,,,,,,,,,,,,,,,,,
,,34091,bi1591561539uYWzguZh0r9bd3JC6sOxzeiLSU9Fm1,20,B,9,,,,11,,,,8,,,,,,,,,,,,,,,,,,,,,,,,,,,
,,34092,bi1591604978KNfXHyjvXHGlwPtr76LpHnQebjfQaA,20,B,9,,,,11,,,,8,,,,,,,,,,,,,,,,,,,,,,,,,,,
,,34094,bi1591611111vzEPF2gVkJP6vZ8r8oLa2XUzqrFyUe,20,A,13,,,,7,,,,15,,,,,,,,,,,,,,,,,,,,,,,,,,,
,,34096,bi15916157399PrUOLm8YKrYlXLazVyLsOUgxB4h9b,20,A,15,,,,3,,,,20,,,,,,,,,,,,,,,,,,,,,,,,,,,
,,34098,bi1591621583DNFKOH7fBpC62TE5T8RZkBE0wGDTcO,20,B,8,,,,7,,,,8,,,,,,,,,,,,,,,,,,,,,,,,,,,
,,34101,bi1591688962edbBaarFGqKr7ee3JtLCkF3fcaA4wN,20,A,12,,,,2,,,,16,,,,,,,,,,,,,,,,,,,,,,,,,,,
,,34104,bi1591696926O9H9N7y9Iv5vJ3hqcr4iIwUmFxSPny,20,A,17,,,,16,,,,17,,,,,,,,,,,,,,,,,,,,,,,,,,,
,,34106,bi1591701483ha77GFOBMAzHqjLFvbmBacB87YkJqD,20,A,15,,,,17,,,,14,,,,,,,,,,,,,,,,,,,,,,,,,,,
,,34111,bi1591771124eQ58IcD5KwdQ3GpKVilDHWGxkw5gnD,20,A,16,,,,11,,,,18,,,,,,,,,,,,,,,,,,,,,,,,,,,
,,34112,bi1591776113t2yBPxQzdzwyCMjj5hURmyP2RJ5QrX,20,A,13,,,,11,,,,14,,,,,,,,,,,,,,,,,,,,,,,,,,,
,,34113,bi1591776268hs3TXMe7D8APuShVgsWjJD9EKSR6TU,20,A,19,,,,20,,,,18,,,,,,,,,,,,,,,,,,,,,,,,,,,
,,34114,bi1591778114M5xJazIRPDMzNGqYBL2fzrmBs9qmzr,20,A,20,,,,20,,,,20,,,,,,,,,,,,,,,,,,,,,,,,,,,
,,34115,bi1591779564QO1MxnACmSpNmOoXnAfrr7GsJKai09,20,A,14,,,,20,,,,12,,,,,,,,,,,,,,,,,,,,,,,,,,,
,,34116,bi1591780166e8GiMJLaIMWpgxKs8SKsGAaEEarPDc,20,A,11,,,,4,,,,13,,,,,,,,,,,,,,,,,,,,,,,,,,,
,,34117,bi1591784461At8W1swqDKil61yXnnZXvh2IqoMZmB,20,B,1,,,,-1,,,,2,,,,,,,,,,,,,,,,,,,,,,,,,,,
,,34118,bi1591786130IWBC1VggzWSKTXnJV6LYlQaARkQ2Nf,20,A,17,,,,16,,,,17,,,,,,,,,,,,,,,,,,,,,,,,,,,
,,34121,bi15917931491wRZ4nA8ABiam7omFIYskoYuqRrVW6,20,A,17,,,,17,,,,17,,,,,,,,,,,,,,,,,,,,,,,,,,,
,,34122,bi1591797673n94r3VfU16ACdBNVx75tZDR2sbky8q,20,A,19,,,,20,,,,18,,,,,,,,,,,,,,,,,,,,,,,,,,,
,,34123,bi1591798752Az0Zeavi93LrTSxF3VeWRxv3orG1R3,20,A,15,,,,17,,,,14,,,,,,,,,,,,,,,,,,,,,,,,,,,
,,34127,bi1591874380jE0XHsUn24gzcrPKuX5B5nohITVVLl,20,A,13,,,,7,,,,15,,,,,,,,,,,,,,,,,,,,,,,,,,,
,,34131,bi1591898746IxOZ2R3NcAMsZ3ypOjLKZtAyGdInuc,20,A,15,,,,17,,,,14,,,,,,,,,,,,,,,,,,,,,,,,,,,
,,34132,bi1591900431aoo9ZVmMe2PuFRQ8MIedZtkRUHZ9jE,20,A,11,,,,6,,,,13,,,,,,,,,,,,,,,,,,,,,,,,,,,
,,34133,bi1591902196rFS383HqQK2lcOErs5WQkzJ1cKAJHj,20,A,11,,,,2,,,,14,,,,,,,,,,,,,,,,,,,,,,,,,,,
,,34135,bi1591955152uYjflKPENC3oboarnopIst6Ds0b147,20,A,10,,,,7,,,,12,,,,,,,,,,,,,,,,,,,,,,,,,,,
,,34137,bi1591958739OfiK5gKWyqAhcqw6K9i5CbdBISWZMQ,20,A,17,,,,20,,,,16,,,,,,,,,,,,,,,,,,,,,,,,,,,
,,34138,bi15919594098IHO3XTFty3UWkP0vvsDhEFL8xty9s,20,B,4,,,,-1,,,,6,,,,,,,,,,,,,,,,,,,,,,,,,,,
,,34139,bi1591960194ViHur5lZa98pPy5xn1XsNzHn7biUQr,20,A,16,,,,20,,,,15,,,,,,,,,,,,,,,,,,,,,,,,,,,
,,34140,bi1591973851ZG1dBNLxOyomh1mhgVKFoffNHZOtxg,20,A,12,,,,17,,,,10,,,,,,,,,,,,,,,,,,,,,,,,,,,
,,34142,bi15919757757Da5UyfJT7jEETsFeYAqmJXGg9Ji5P,20,A,10,,,,8,,,,11,,,,,,,,,,,,,,,,,,,,,,,,,,,
,,34145,bi1591986790xvOGH2Dg0M6g4Iy7c6X9ali7x1VzWL,20,B,9,,,,1,,,,12,,,,,,,,,,,,,,,,,,,,,,,,,,,
,,34146,bi1591999126ptEoik2HsEdtIkQT6H6CrGJhE5v5K0,20,B,7,,,,7,,,,7,,,,,,,,,,,,,,,,,,,,,,,,,,,
,,34147,bi1592034599LTNMn9r9zmA5noTBgzM6cHfRfmxPEb,20,A,18,,,,11,,,,20,,,,,,,,,,,,,,,,,,,,,,,,,,,
,,34149,bi1592040119nDiCcbV5diWAV71jHmPtH5CnS9v3Oz,20,A,19,,,,20,,,,19,,,,,,,,,,,,,,,,,,,,,,,,,,,
,,34151,bi159205271931F3RgFYapGKopN54VnwQeOk4K7wDB,20,A,14,,,,16,,,,13,,,,,,,,,,,,,,,,,,,,,,,,,,,
,,34153,bi1592064177020PaYTz76v0mPzsDX5yz0NuOJDTkA,20,A,12,,,,-1,,,,16,,,,,,,,,,,,,,,,,,,,,,,,,,,
,,34154,bi1592124905jp9w4JhWT9Jvm6hJDwtdxhA0MuFpU3,20,A,20,,,,20,,,,20,,,,,,,,,,,,,,,,,,,,,,,,,,,
,,34737,bi1592125129QMOvGfXqHagDB5OZ00aQoBD6u5dfSs,20,A,16,,,,8,,,,19,,,,,,,,,,,,,,,,,,,,,,,,,,,
,,34155,bi1592126634Aw9Y63hJn0nPdDCyD3LQsX2rinoKzl,20,B,5,,,,2,,,,7,,,,,,,,,,,,,,,,,,,,,,,,,,,
,,34156,bi1592130033eeHgogEgNAuA7Q9RVG9dNVYSrIjTTm,20,A,14,,,,20,,,,12,,,,,,,,,,,,,,,,,,,,,,,,,,,
,,34158,bi1592134104VIPb5MEwtgRxyAGBagEhJJSnTI7vN5,20,B,9,,,,7,,,,10,,,,,,,,,,,,,,,,,,,,,,,,,,,
,,34159,bi1592134777bGF10aKGtSJ6wTULmxno14nLEl0VK0,20,A,15,,,,17,,,,15,,,,,,,,,,,,,,,,,,,,,,,,,,,
,,34162,bi1592151415XPlgIYSN0KbI2Dih9BvUQArdq7uUO9,20,A,20,,,,20,,,,20,,,,,,,,,,,,,,,,,,,,,,,,,,,
,,34164,bi1592161566TiIN5NisEcQOEDbGOR02FOLz62n8eV,20,A,20,,,,20,,,,20,,,,,,,,,,,,,,,,,,,,,,,,,,,
,,34165,bi1592163947mTJZnnU5NAsltYXq7cWs1Cb96po75v,20,A,16,,,,10,,,,19,,,,,,,,,,,,,,,,,,,,,,,,,,,
,,34167,bi1592194310J4BrIus8MbM5xYjCH1WwlpcN7lap7n,20,A,18,,,,17,,,,18,,,,,,,,,,,,,,,,,,,,,,,,,,,
,,34168,bi1592212984hYH7vFa5ycZRdMZ96hdJqGsL14Zkkw,20,A,19,,,,20,,,,18,,,,,,,,,,,,,,,,,,,,,,,,,,,
,,34169,bi1592213037JcS54nUqEbHJJpLSOhRQgRtyLvOOMt,20,A,14,,,,11,,,,15,,,,,,,,,,,,,,,,,,,,,,,,,,,
,,34171,bi1592225860lOnBgKzdFi1KUAJgPUbJYa6Zur6jK4,20,A,20,,,,20,,,,20,,,,,,,,,,,,,,,,,,,,,,,,,,,
,,34172,bi1592225909BSVaGDA9FRWqs2xHAEcDfpy5gPbKaR,20,A,11,,,,6,,,,13,,,,,,,,,,,,,,,,,,,,,,,,,,,
,,34738,bi15922488480InskGydvbOHEymGRKQ8bRxEevxrES,20,A,11,,,,11,,,,11,,,,,,,,,,,,,,,,,,,,,,,,,,,
,,34175,bi1592287878AONmTlMlRd0CubS4ztvGPXVHYqz2Fk,20,A,13,,,,20,,,,10,,,,,,,,,,,,,,,,,,,,,,,,,,,
,,34177,bi1592299517YzsiPgd7lNmRL2gnk8k7tGlL9uIuBm,20,A,16,,,,6,,,,20,,,,,,,,,,,,,,,,,,,,,,,,,,,
,,34180,bi1592309015cdE1qfbYfEIxx0RU3UhRj3bGhsUT5F,20,B,8,,,,-1,,,,12,,,,,,,,,,,,,,,,,,,,,,,,,,,
,,34182,bi1592400682CaSsZs0Se4UIjBCNQKPtap6lXxhlwb,20,B,8,,,,-1,,,,12,,,,,,,,,,,,,,,,,,,,,,,,,,,
,,34184,bi15924067809yZIeyuaNNdfxhhbDuABPaVm5JYxBT,20,B,8,,,,4,,,,10,,,,,,,,,,,,,,,,,,,,,,,,,,,
,,34188,bi1592417595kT38a2Bs3IZzHvU7EqNiZWF1iFow6j,20,A,10,,,,3,,,,13,,,,,,,,,,,,,,,,,,,,,,,,,,,
,,34189,bi1592421611HANwzpKDMdvSPJ2jqFxunb1k0zqDhv,20,A,16,,,,16,,,,17,,,,,,,,,,,,,,,,,,,,,,,,,,,
,,34191,bi1592466826mDTEbuFLNR77CgcS082KJbTdDK8uYP,20,A,20,,,,20,,,,20,,,,,,,,,,,,,,,,,,,,,,,,,,,
,,34192,bi1592468890Ogxa1E2IIRaFk0NQlkALcDyCsvTFoL,20,A,17,,,,12,,,,19,,,,,,,,,,,,,,,,,,,,,,,,,,,
,,34193,bi1592472562AVEtmSENpYF0rxTKiYufK6Xeq7UDDr,20,A,15,,,,20,,,,13,,,,,,,,,,,,,,,,,,,,,,,,,,,
,,34195,bi1592483953U5rPBtei7FhqL2FgTjOhNd8OubBLjU,20,A,13,,,,11,,,,14,,,,,,,,,,,,,,,,,,,,,,,,,,,
,,34196,bi1592492636pejHTlR5XRJgKP1Q6FPD9M1h0lJjJj,20,B,8,,,,2,,,,10,,,,,,,,,,,,,,,,,,,,,,,,,,,
,,34197,bi1592496549z26cC0P1P58HHVNLgGIviHGFUvXY75,20,A,18,,,,16,,,,18,,,,,,,,,,,,,,,,,,,,,,,,,,,
,,34198,bi1592501829NRd4xJRiyjwbPsQnWYFLmY4fVQpgSN,20,A,19,,,,20,,,,18,,,,,,,,,,,,,,,,,,,,,,,,,,,
,,34202,bi1592584943LKuid4MXKco8eppoVM4uYsnfbuoqbq,20,A,15,,,,13,,,,15,,,,,,,,,,,,,,,,,,,,,,,,,,,
,,34203,bi1592585692icUic4XfodYKEjMa6hmyHaS4vua2qh,20,A,19,,,,20,,,,18,,,,,,,,,,,,,,,,,,,,,,,,,,,
,,34204,bi1592588512MTVihnmiB40Jh5weyFbUNvbS0vpDop,20,A,13,,,,11,,,,14,,,,,,,,,,,,,,,,,,,,,,,,,,,
,,34205,bi1592643608Oi4PRW3THEAx3Yjj9ZDnxRdt1Jj536,20,A,19,,,,20,,,,18,,,,,,,,,,,,,,,,,,,,,,,,,,,
,,34210,bi1592662986cmo7LLxABD3CxfbMJaI3fpEcwEI5QF,20,A,19,,,,16,,,,20,,,,,,,,,,,,,,,,,,,,,,,,,,,
,,34212,bi1592731752hTFTkH9W65oQxvbtMb3eigY4PFsUDs,20,A,16,,,,12,,,,18,,,,,,,,,,,,,,,,,,,,,,,,,,,
,,34213,bi1592739679nL8h6n7SBcjqFFH6A4ngV6hu1jVIXy,20,A,13,,,,16,,,,12,,,,,,,,,,,,,,,,,,,,,,,,,,,
,,34214,bi1592744192W76xZ2wxwEV3s21kTAl35xshVaFTtG,20,A,16,,,,16,,,,16,,,,,,,,,,,,,,,,,,,,,,,,,,,
,,34219,bi1592921059Hw29l1jzXuJVix2qoKm81wKgwmjpOM,20,B,9,,,,7,,,,10,,,,,,,,,,,,,,,,,,,,,,,,,,,
,,34220,bi1592944796tLyLJKU7nITWyTFYRJkZMQJImt9uOK,20,A,17,,,,20,,,,16,,,,,,,,,,,,,,,,,,,,,,,,,,,
,,34222,bi1592998099jzU8GyqXmXHz5pgmZ6XU6koeH87Ugi,20,B,3,,,,-1,,,,5,,,,,,,,,,,,,,,,,,,,,,,,,,,
,,34223,bi159300471775MPWilaj8zMeEjuLHe6XdHzqmFi9B,20,A,12,,,,7,,,,14,,,,,,,,,,,,,,,,,,,,,,,,,,,
,,34742,bi1593013257hvzFd8F1B7TrQ3Q9RuZw0BjON2S8gw,20,A,19,,,,20,,,,18,,,,,,,,,,,,,,,,,,,,,,,,,,,
,,34225,bi1593016118UUfakYe1bgCnwwGKqv7Dq0ahXhlcPq,20,A,10,,,,7,,,,12,,,,,,,,,,,,,,,,,,,,,,,,,,,
,,34229,bi1593029322zWM16tVbF8laYB78XZO6r8iEegOfAH,20,A,20,,,,20,,,,20,,,,,,,,,,,,,,,,,,,,,,,,,,,
,,34231,bi1593073462ZwePtFQuEwAwGamn3RyhzUsaPgyNWp,20,A,12,,,,2,,,,15,,,,,,,,,,,,,,,,,,,,,,,,,,,
,,34233,bi1593083358xci78uoQYN7DGKr03kVaqnWbZ0QBIJ,20,A,16,,,,9,,,,18,,,,,,,,,,,,,,,,,,,,,,,,,,,
,,34234,bi1593088951damD8Bo6jzIIFIBCwVe87joB6YeiHZ,20,A,10,,,,7,,,,12,,,,,,,,,,,,,,,,,,,,,,,,,,,
,,34236,bi1593092794DP08n2xQooOM9dAnY9GMce50zzs9hK,20,A,19,,,,20,,,,18,,,,,,,,,,,,,,,,,,,,,,,,,,,
,,34237,bi1593101502w2NanQsBfChhhDUYXiLBAxoJPRyS2c,20,A,11,,,,11,,,,11,,,,,,,,,,,,,,,,,,,,,,,,,,,
,,34238,bi15931069101sl0os1iEm4oN1XAC8SRnNtcjcMZnx,20,A,20,,,,20,,,,20,,,,,,,,,,,,,,,,,,,,,,,,,,,
,,34239,bi1593119538FFHYgZqiDc8SDybLEX96yr3eP99Dm2,20,A,12,,,,9,,,,13,,,,,,,,,,,,,,,,,,,,,,,,,,,
,,34240,bi15931543209sNWsuETMOxCoJBfKqbcxKL4B4tSci,20,A,12,,,,4,,,,15,,,,,,,,,,,,,,,,,,,,,,,,,,,
,,34241,bi15931601975MQJb6b2GwLQz1vRIwx3nhUdAHRW8y,20,A,19,,,,20,,,,18,,,,,,,,,,,,,,,,,,,,,,,,,,,
,,34242,bi1593178207zMhT6yF33UIO9Jr3UODThtJBevq21E,20,B,8,,,,13,,,,6,,,,,,,,,,,,,,,,,,,,,,,,,,,
,,34243,bi1593248270Me1IOjCVspgl58KFuU6L17P767CM7F,20,A,18,,,,20,,,,17,,,,,,,,,,,,,,,,,,,,,,,,,,,
,,34244,bi1593251336ifZ4sY9s4tfLTs87RcEL5S1qkBaspG,20,A,15,,,,16,,,,15,,,,,,,,,,,,,,,,,,,,,,,,,,,
,,34245,bi1593264028qFM8MYd9V8IPw4HQRmaHBRtJv5Hxvo,20,A,12,,,,9,,,,14,,,,,,,,,,,,,,,,,,,,,,,,,,,
,,34246,bi15932676312hIl913HehX3U0DHaXUiOyakdIYNYK,20,B,7,,,,11,,,,5,,,,,,,,,,,,,,,,,,,,,,,,,,,
,,34248,bi1593272829Zzoa4QpXjTU4eywTzLDWgcnon8WzJM,20,A,15,,,,20,,,,13,,,,,,,,,,,,,,,,,,,,,,,,,,,
,,34250,bi1593287745rpmamvdbJ6V6V8DKw0yBshuqnWnlv8,20,A,18,,,,16,,,,18,,,,,,,,,,,,,,,,,,,,,,,,,,,
,,34251,bi1593335534tRUBURPLpDuhcl8S5W2rdrF3a5hn8j,20,B,8,,,,-7,,,,13,,,,,,,,,,,,,,,,,,,,,,,,,,,
,,34252,bi1593339566oKzCZ5wUTKJRfxcXoBoOCshZ9hDZs0,20,A,19,,,,20,,,,18,,,,,,,,,,,,,,,,,,,,,,,,,,,
,,34254,bi1593351685ElmLKknjvnA8cjBS5M8t2oNcm6lgVo,20,A,12,,,,8,,,,13,,,,,,,,,,,,,,,,,,,,,,,,,,,
,,34255,bi15933592418EcmWUcZHywXcoRT9IWt6ZLNGr9QVY,20,A,18,,,,16,,,,18,,,,,,,,,,,,,,,,,,,,,,,,,,,
,,34258,bi1593373288OiJxgaNsnm6yo244q7fvQRpkLT2TuZ,20,A,18,,,,20,,,,18,,,,,,,,,,,,,,,,,,,,,,,,,,,
,,34259,bi15933749406WxnksgYVpJIoLZWJqPGjQCtJzJ15Y,20,B,6,,,,-2,,,,9,,,,,,,,,,,,,,,,,,,,,,,,,,,
,,34745,bi1593376775fsZBH9Mq9H0MnM4rdIxO2ABS8Pytch,20,A,13,,,,20,,,,10,,,,,,,,,,,,,,,,,,,,,,,,,,,
,,34260,bi1593379996qCt1HDQaspwPEgw6sACzpqBpKMANPL,20,A,18,,,,16,,,,18,,,,,,,,,,,,,,,,,,,,,,,,,,,
,,34262,bi1593421969G97i5g58hXnDdOroMa4bdMzXp48rzc,20,A,17,,,,12,,,,19,,,,,,,,,,,,,,,,,,,,,,,,,,,
,,34266,bi1593456365RPBBAbtgk85cT5qZtaWL2hLmJWEEz4,20,A,17,,,,17,,,,17,,,,,,,,,,,,,,,,,,,,,,,,,,,
,,34268,bi1593459076W6MQBcJS590Mris8Oq4C5mIjEkKa4G,20,B,8,,,,7,,,,8,,,,,,,,,,,,,,,,,,,,,,,,,,,
,,34270,bi1593518101qmPC9AVJWYZRi5LYjwGkshaVdpqoDU,20,A,16,,,,16,,,,17,,,,,,,,,,,,,,,,,,,,,,,,,,,
,,34747,bi1593539008p7p4ar97h7HvBufYAwF8EqHLjEUiQX,20,A,12,,,,9,,,,13,,,,,,,,,,,,,,,,,,,,,,,,,,,
,,34273,bi15935589504vs0Xh9uwo6LzrrKAloRBQDCv980QH,20,B,7,,,,2,,,,8,,,,,,,,,,,,,,,,,,,,,,,,,,,
,,34274,bi1593594413Yf2gAKWVsHaxIXsArxgeqIQZONBZzF,20,B,5,,,,6,,,,5,,,,,,,,,,,,,,,,,,,,,,,,,,,
,,34749,bi1593601100i32iEupfWLYhH6P7Kk93E5mATd3gFf,20,B,3,,,,2,,,,3,,,,,,,,,,,,,,,,,,,,,,,,,,,
,,34276,bi15936034158avEgaigSTzn241yFLDR6yXUcQ0eAZ,20,B,8,,,,7,,,,8,,,,,,,,,,,,,,,,,,,,,,,,,,,
,,34277,bi1593609660R9qGrExnVWWQDmo7BZ5gLqEFE5yPOh,20,A,16,,,,7,,,,20,,,,,,,,,,,,,,,,,,,,,,,,,,,
,,34279,bi1593620195STpVjk3D9s1bf3i8oEmde9c1oPqW4g,20,A,15,,,,16,,,,15,,,,,,,,,,,,,,,,,,,,,,,,,,,
,,34280,bi1593625229HRTUw6Ka4gP9lt8HFGo6WJ7C6AHwmH,20,A,14,,,,4,,,,18,,,,,,,,,,,,,,,,,,,,,,,,,,,
,,34282,bi1593626082OaPAegVtcbKwocOTIa2zRpcnGDs5J4,20,A,19,,,,20,,,,18,,,,,,,,,,,,,,,,,,,,,,,,,,,
,,34283,bi1593631594KP8VO2KA2ffXqDHLRHteNSrsip2Z9R,20,B,7,,,,2,,,,8,,,,,,,,,,,,,,,,,,,,,,,,,,,
,,34284,bi1593637589GvWKKVprawbS8hs3nQDLij1jg9PnNN,20,A,12,,,,16,,,,11,,,,,,,,,,,,,,,,,,,,,,,,,,,
,,34285,bi1593640731GXAF2sJ4sQv3NeAfcdLLtWTYqONkpI,20,B,9,,,,6,,,,10,,,,,,,,,,,,,,,,,,,,,,,,,,,
,,34287,bi1593695130DKkAmSRTpsE4f9yN5yrkAGVYJmwRUx,20,B,8,,,,-6,,,,13,,,,,,,,,,,,,,,,,,,,,,,,,,,
,,34291,bi1593759662mehUSU0XhQhfmBrhmo4ykrIzTylEAe,20,A,12,,,,12,,,,11,,,,,,,,,,,,,,,,,,,,,,,,,,,
,,34292,bi15937844469jfqOvb5pUOm25mxeI4vY1ZAKeN4UC,20,A,15,,,,20,,,,13,,,,,,,,,,,,,,,,,,,,,,,,,,,
,,34293,bi1593789696PzIMkIo4bBmP9MTHzk3Slk4wOY9bYt,20,A,12,,,,11,,,,12,,,,,,,,,,,,,,,,,,,,,,,,,,,
,,34295,bi1593795928iNC38MxG2XRIjVJLppoa7C3ATVADDh,20,B,8,,,,9,,,,8,,,,,,,,,,,,,,,,,,,,,,,,,,,
,,34296,bi1593850473peNjBiEf60uQ3tJ7ezOWT2WZD5Wdzu,20,A,19,,,,20,,,,18,,,,,,,,,,,,,,,,,,,,,,,,,,,
,,34297,bi1593854224bmj3jK00woRxppvMB2iZEAuqApNc3R,20,A,19,,,,20,,,,19,,,,,,,,,,,,,,,,,,,,,,,,,,,
,,34299,bi1593879781arZHr5lpJpx3pVMCjE2wDPKTxq3u78,20,B,9,,,,1,,,,13,,,,,,,,,,,,,,,,,,,,,,,,,,,
,,34300,bi1593882084Qa2NCeeGOsUn6A60TrUUsFW46h340M,20,A,10,,,,13,,,,8,,,,,,,,,,,,,,,,,,,,,,,,,,,
,,34303,bi1593947122vvzUnnF6uQZjQ3NP5aeKqfb2gVBQZ2,20,A,19,,,,17,,,,20,,,,,,,,,,,,,,,,,,,,,,,,,,,
,,34306,bi1593959840RQ8uPkJ4tkYeIE9OSfm3EZSeTTpnOC,20,B,9,,,,7,,,,10,,,,,,,,,,,,,,,,,,,,,,,,,,,
,,34308,bi1593975014UcCrDUXOeUCQYo4OYqCHhRhhP7p65D,20,B,9,,,,16,,,,7,,,,,,,,,,,,,,,,,,,,,,,,,,,
,,34309,bi1593976940UE6itVvFwrk1wwtVYm7mCfaoZQB3hy,20,A,16,,,,20,,,,15,,,,,,,,,,,,,,,,,,,,,,,,,,,
,,34310,bi15939791882yXekUEhEYSEyvPfing8pzhRdWWU5Y,20,A,20,,,,20,,,,20,,,,,,,,,,,,,,,,,,,,,,,,,,,
,,34313,bi159402278983mC8Zy8UtYFL8rylv2GjmvqhX796J,20,A,18,,,,20,,,,18,,,,,,,,,,,,,,,,,,,,,,,,,,,
,,34314,bi1594027877qc8g37eyhQiqMz8BwDxn3Dq713sD62,20,A,13,,,,13,,,,13,,,,,,,,,,,,,,,,,,,,,,,,,,,
,,34317,bi1594037628nJUYAx8Iu7L3JYQWsBV3g6cPMQjo2r,20,A,15,,,,13,,,,15,,,,,,,,,,,,,,,,,,,,,,,,,,,
,,34320,bi1594056965DPCXAG4GGQPbXCzffHdfwHAcuHB4K3,20,A,19,,,,20,,,,18,,,,,,,,,,,,,,,,,,,,,,,,,,,
,,34321,bi1594063230o6WWvt061g6lYByYnlYjpgbDBZ4Fvz,20,A,16,,,,11,,,,18,,,,,,,,,,,,,,,,,,,,,,,,,,,
,,34323,bi1594114309NHOgXdrwMFQTXDsIVkuutMDQDJQfd5,20,A,14,,,,10,,,,16,,,,,,,,,,,,,,,,,,,,,,,,,,,
,,34326,bi1594132851jsa5CeTH3bLZM0mUjBVGxeurfvQar4,20,B,2,,,,-7,,,,5,,,,,,,,,,,,,,,,,,,,,,,,,,,
,,34327,bi1594200360fHUBcVdIVqNqtrqtYwmbCZKBejhFEu,20,A,20,,,,20,,,,20,,,,,,,,,,,,,,,,,,,,,,,,,,,
,,34331,bi1594213142fLWIJQdGLJnjRMxGvlFPh1tnwbPswp,20,A,12,,,,-1,,,,17,,,,,,,,,,,,,,,,,,,,,,,,,,,
,,34335,bi1594249512LjQuLIGk8oAEs2gDCVnkfvtueHtHjM,20,A,17,,,,17,,,,17,,,,,,,,,,,,,,,,,,,,,,,,,,,
,,34340,bi15942951951eapwUaPye38nWyO11kAwJz8iPqmEO,20,A,19,,,,20,,,,18,,,,,,,,,,,,,,,,,,,,,,,,,,,
,,34342,bi1594316082tNOYw3KBcxx0E6kfcH5gp3cNz1BQaY,20,A,19,,,,20,,,,18,,,,,,,,,,,,,,,,,,,,,,,,,,,
,,34345,bi1594380793m9X5D5Ck2Cvo679AB8TxDSVa06cPuT,20,A,13,,,,8,,,,15,,,,,,,,,,,,,,,,,,,,,,,,,,,
,,34754,bi15943986252s5nzAvRdKrwazCdG01MJe289oEknp,20,B,9,,,,13,,,,8,,,,,,,,,,,,,,,,,,,,,,,,,,,
,,34348,bi1594473369uBC1S0AKquI3NA4Uv9YfeOgM44XgdI,20,A,16,,,,17,,,,16,,,,,,,,,,,,,,,,,,,,,,,,,,,
,,34350,bi1594481498RPFA9lJpBk3D1C2PUXpRToXDmz8TdU,20,A,16,,,,13,,,,17,,,,,,,,,,,,,,,,,,,,,,,,,,,
,,34351,bi1594489267grMUDhChGl9JrkKKpWp8R1g4l4B1St,20,A,16,,,,16,,,,17,,,,,,,,,,,,,,,,,,,,,,,,,,,
,,34353,bi1594546899egtvioWCd7duEWZLGH1zOrojMk6PdB,20,A,19,,,,20,,,,19,,,,,,,,,,,,,,,,,,,,,,,,,,,
,,34355,bi15945598857g6T3VTS0kXbjG1v8nwVEKkmRFqHq6,20,A,13,,,,7,,,,15,,,,,,,,,,,,,,,,,,,,,,,,,,,
,,34755,bi1594572355dRswsUbPzIYg0SgWgJYqN57WKTY7QZ,20,A,13,,,,13,,,,13,,,,,,,,,,,,,,,,,,,,,,,,,,,
,,34757,bi1594576267R6AT48JCPjExiBh9bs0iEl1vInLRXs,20,A,18,,,,16,,,,18,,,,,,,,,,,,,,,,,,,,,,,,,,,
,,34357,bi1594577151fS9Z0onQDYAkAs9OZ0aJOYj39BEPZx,20,A,11,,,,4,,,,13,,,,,,,,,,,,,,,,,,,,,,,,,,,
,,34758,bi1594636555af7arFSE6Nmw7KQ7XpY6s5niU2WrJ6,20,B,9,,,,11,,,,8,,,,,,,,,,,,,,,,,,,,,,,,,,,
,,34359,bi1594658778lqwCfkyOnjAWjkxSvZ7FjxIUfnWyaP,20,A,12,,,,12,,,,12,,,,,,,,,,,,,,,,,,,,,,,,,,,
,,34360,bi1594661598C1rtMbRAKzU2A2ozQgAtxqT1i0gJi8,20,A,20,,,,20,,,,20,,,,,,,,,,,,,,,,,,,,,,,,,,,
,,34361,bi15947199630N7XmGeh7LCOvBYK9pHoMwzuiIuPmf,20,B,9,,,,11,,,,8,,,,,,,,,,,,,,,,,,,,,,,,,,,
,,34362,bi15947250327X36Q0uIerXjGli5I4bcJn9sQMDDjR,20,A,13,,,,7,,,,15,,,,,,,,,,,,,,,,,,,,,,,,,,,
,,34363,bi1594734858t1scKI5u0BipjuQ4Ou72eYSASUKT0C,20,A,17,,,,17,,,,17,,,,,,,,,,,,,,,,,,,,,,,,,,,
,,34364,bi15947405546CtUHaJtYMrMzWoJpdpLKMfsrF1UAF,20,A,19,,,,20,,,,18,,,,,,,,,,,,,,,,,,,,,,,,,,,
,,34365,bi1594741990LFRjYBhhrwXIbjP3C3tRfR2d88yyeW,20,A,15,,,,20,,,,13,,,,,,,,,,,,,,,,,,,,,,,,,,,
,,34366,bi1594749410UapRp1OZflDvzZlKDrEowvvc0TCAYg,20,A,18,,,,16,,,,18,,,,,,,,,,,,,,,,,,,,,,,,,,,
,,34759,bi1594766800VShZxZsUE9Kr6JnV63L1SBEGqG0ozH,20,B,4,,,,2,,,,5,,,,,,,,,,,,,,,,,,,,,,,,,,,
,,34367,bi1594810202tZ6IFi6SStI5egqTWTji82F4sKYvRY,20,A,17,,,,20,,,,15,,,,,,,,,,,,,,,,,,,,,,,,,,,
,,34370,bi1594844243xdauPbjl2rgaNwAE7ippNeA8SaOOsi,20,A,14,,,,16,,,,13,,,,,,,,,,,,,,,,,,,,,,,,,,,
,,34371,bi1594899106ONESUtBayxedFo4AddA7ndJsYjXmZQ,20,A,14,,,,6,,,,17,,,,,,,,,,,,,,,,,,,,,,,,,,,
,,34372,bi1594917830tdNmbYuuvWEhQC4ldXCCNJfjfYE3oi,20,B,9,,,,2,,,,12,,,,,,,,,,,,,,,,,,,,,,,,,,,
,,34373,bi1594926439D6JARZIvuAiNbZ3Pm46MvVGJAI3Snu,20,A,20,,,,20,,,,20,,,,,,,,,,,,,,,,,,,,,,,,,,,
,,34374,bi15949268484wcdTcJrsxNhfJtekVtUEvXD6HK6bA,20,A,17,,,,17,,,,17,,,,,,,,,,,,,,,,,,,,,,,,,,,
,,34375,bi1594986430bwwuNXsLAIZ2dS9e5RPJxolNfVLgsh,20,A,16,,,,9,,,,18,,,,,,,,,,,,,,,,,,,,,,,,,,,
,,34376,bi1594987458S2CQxP9jOOHxs2J5HMlyH7xvgCMrdx,20,B,0,,,,-1,,,,-3,,,,,,,,,,,,,,,,,,,,,,,,,,,
,,34378,bi1595062739D00ZJUVbgIdmQeD2aZrhoasTS2YfAE,20,A,15,,,,16,,,,15,,,,,,,,,,,,,,,,,,,,,,,,,,,
,,34379,bi1595065492j2aCZTmFkT1YoFu7XRcHEyWFmd303k,20,A,13,,,,7,,,,15,,,,,,,,,,,,,,,,,,,,,,,,,,,
,,34380,bi1595077828iIa22Q4q0peLVvxPa5HdusGjeBWgCr,20,A,14,,,,20,,,,12,,,,,,,,,,,,,,,,,,,,,,,,,,,
,,34381,bi1595162983KzCPSyVQoN4xUt5DJpoUS9AgULiACd,20,A,16,,,,13,,,,18,,,,,,,,,,,,,,,,,,,,,,,,,,,
,,34382,bi1595167351kQm0fkvAKT2U8CCBcDMGhUWeDHWEOU,20,A,17,,,,17,,,,17,,,,,,,,,,,,,,,,,,,,,,,,,,,
,,34384,bi1595167826A8QDg5gbJKtmY9NkauFROh379JYASR,20,A,17,,,,17,,,,18,,,,,,,,,,,,,,,,,,,,,,,,,,,
,,34387,bi159524549293cmnIkv1r9y0a4gcZPfSEjQexv7Nl,20,A,14,,,,16,,,,13,,,,,,,,,,,,,,,,,,,,,,,,,,,
,,34389,bi1595255140GnLG0pBcJJUW1jYSiy1PEg0j6oi2yx,20,B,8,,,,12,,,,6,,,,,,,,,,,,,,,,,,,,,,,,,,,
,,34390,bi1595269463jdKYkGJc62FauhEz50pVBbpDNXWvVV,20,A,12,,,,2,,,,15,,,,,,,,,,,,,,,,,,,,,,,,,,,
,,34392,bi15953207130UtQnZEPm3aK4xVYMri939jFDiCX9m,20,A,18,,,,16,,,,18,,,,,,,,,,,,,,,,,,,,,,,,,,,
,,34394,bi1595327181ESH6vkhsj0SAYeEo5xOwXes63AlF6a,20,A,17,,,,9,,,,20,,,,,,,,,,,,,,,,,,,,,,,,,,,
,,34396,bi1595342866FlgmUDPhrK4GViYHxw0yVSAGwRIpU9,20,A,17,,,,12,,,,18,,,,,,,,,,,,,,,,,,,,,,,,,,,
,,34397,bi1595346654n0TlIjAiK7WLnjPwaJbyFoynRXffD0,20,A,13,,,,6,,,,15,,,,,,,,,,,,,,,,,,,,,,,,,,,
,,34398,bi1595347131uRGYXJFKirN7IpWuiB97qFtA1dKo12,20,A,14,,,,13,,,,14,,,,,,,,,,,,,,,,,,,,,,,,,,,
,,34399,bi15953514181N8ufoPTLNWwgwTr5r92PC74PqcMDW,20,A,14,,,,16,,,,14,,,,,,,,,,,,,,,,,,,,,,,,,,,
,,34400,bi15953684626xRWUw5gbHeGw9cKYgfZscCUXJv2sS,20,A,16,,,,20,,,,14,,,,,,,,,,,,,,,,,,,,,,,,,,,
,,34401,bi1595411250ry5taPlNO6T5bPdTSb6HBOjQ3a0jb2,20,A,18,,,,20,,,,17,,,,,,,,,,,,,,,,,,,,,,,,,,,
,,34402,bi1595498957eGcwUh1eSOS0wNHvzndqJ5skFpf8dv,20,A,20,,,,20,,,,20,,,,,,,,,,,,,,,,,,,,,,,,,,,
,,34403,bi1595500150EnMWbAugZJaMInPRUu2VQAhLjIJsKP,20,A,18,,,,20,,,,17,,,,,,,,,,,,,,,,,,,,,,,,,,,
,,34404,bi1595501944cTebDZ68ipIhiZRQ2ktqyl7ZEGzXle,20,B,6,,,,0,,,,9,,,,,,,,,,,,,,,,,,,,,,,,,,,
,,34405,bi1595509394lsqXkg2krnanrg2HCifWFx40OzMSu1,20,A,14,,,,17,,,,13,,,,,,,,,,,,,,,,,,,,,,,,,,,
,,34406,bi1595510266U9MpdD2ZBmRuG4mwgRDdZKtwv9QpKt,20,A,12,,,,20,,,,10,,,,,,,,,,,,,,,,,,,,,,,,,,,
,,34407,bi1595516530MUg19wjKfoaiktU3seP9mycboV4UnO,20,A,13,,,,16,,,,12,,,,,,,,,,,,,,,,,,,,,,,,,,,
,,34408,bi1595529762B3yARQrSVB809uoHoWl122ugzSXf0V,20,A,17,,,,17,,,,17,,,,,,,,,,,,,,,,,,,,,,,,,,,
,,34410,bi1595532836QyX1K0gGj8IsVz8syfXoeuG1QByBjt,20,A,20,,,,20,,,,20,,,,,,,,,,,,,,,,,,,,,,,,,,,
,,34411,bi1595534154mjrlxLax2I6t4lL0GGhVI317qxpbwx,20,A,15,,,,11,,,,16,,,,,,,,,,,,,,,,,,,,,,,,,,,
,,34416,bi1595596431Kv4OONMtJ1G6xAm5EZkvBhC0gJyfhH,20,A,20,,,,20,,,,20,,,,,,,,,,,,,,,,,,,,,,,,,,,
,,34418,bi1595620486q00q9QpIiucmMpE6uPZEpQ3y5hrAAm,20,A,19,,,,17,,,,20,,,,,,,,,,,,,,,,,,,,,,,,,,,
,,34420,bi15956364895jpHErj12VA9Vd9lpwVuRKPRdr2kdA,20,A,12,,,,-2,,,,17,,,,,,,,,,,,,,,,,,,,,,,,,,,
,,34421,bi1595671946uoGRQEvpdtU6WE6h0WWRBLOEsgnklD,20,A,15,,,,20,,,,14,,,,,,,,,,,,,,,,,,,,,,,,,,,
,,34423,bi1595677751hU0NB3u8xB996xWW4uNfDNHFEaOVkR,20,A,19,,,,16,,,,20,,,,,,,,,,,,,,,,,,,,,,,,,,,
,,34424,bi1595682591lQCpr5kzteR175drknVNBklMjsVBSk,20,A,11,,,,12,,,,10,,,,,,,,,,,,,,,,,,,,,,,,,,,
,,34425,bi1595694178LNf6wWvv496xZ2UrpD4JckGVjmqCow,20,A,20,,,,20,,,,20,,,,,,,,,,,,,,,,,,,,,,,,,,,
,,34767,bi1595778335zWF0OBcbroUuuHXgCK6F35AxqJcxrG,20,A,16,,,,7,,,,20,,,,,,,,,,,,,,,,,,,,,,,,,,,
,,34429,bi1595783290WCEpxWggLRGc9GVH0NSE34UX4P2c5v,20,A,15,,,,12,,,,15,,,,,,,,,,,,,,,,,,,,,,,,,,,
,,34430,bi159578395655z5y2RGa2ybsLuLKQWFdWXlpGsheE,20,A,16,,,,13,,,,17,,,,,,,,,,,,,,,,,,,,,,,,,,,
,,34432,bi1595847340LnykeHMYgPEhhK1t0sMq64x2xtPxoT,20,A,15,,,,11,,,,17,,,,,,,,,,,,,,,,,,,,,,,,,,,
,,34433,bi1595850295sdaQPipXdS6HFFy8yeX5HBsabTEj5J,20,A,14,,,,10,,,,15,,,,,,,,,,,,,,,,,,,,,,,,,,,
,,34435,bi1595863362m0RUObvcBMLzT6ryBOtEs4tA5o8u8A,20,A,12,,,,16,,,,11,,,,,,,,,,,,,,,,,,,,,,,,,,,
,,34439,bi1595873783Nkcr1jBatDpe2WHzbyES4z7kMylxEh,20,A,12,,,,10,,,,13,,,,,,,,,,,,,,,,,,,,,,,,,,,
,,34440,bi1595874253rE81H8NvQLiEzY8EnwPKNXfaOjb8Ca,20,A,18,,,,20,,,,17,,,,,,,,,,,,,,,,,,,,,,,,,,,
,,34441,bi15958753446E2mwTjqXDZnoi9p1AArEUpdUol1QP,20,A,16,,,,10,,,,19,,,,,,,,,,,,,,,,,,,,,,,,,,,
,,34442,bi1595876422WOCFamaZPRwPY75bITT16b6QQHAZwa,20,A,20,,,,20,,,,20,,,,,,,,,,,,,,,,,,,,,,,,,,,
,,34446,bi1595926451YUVs0IGL8h9y38Q5pwYjSuGq5nQCjj,20,A,16,,,,20,,,,14,,,,,,,,,,,,,,,,,,,,,,,,,,,
,,34447,bi1595933701vsCLgjz9LRWZh3bwLi0rkYSAfHB8kW,20,A,10,,,,4,,,,13,,,,,,,,,,,,,,,,,,,,,,,,,,,
,,34449,bi1595946931WLwYhw3HJzC7XaY38ClrgY8QVosMd7,20,A,16,,,,16,,,,17,,,,,,,,,,,,,,,,,,,,,,,,,,,
,,34770,bi1595966550xjVbtCC5UBz4N1i5MqTmfevPDkK9uF,20,B,8,,,,20,,,,4,,,,,,,,,,,,,,,,,,,,,,,,,,,
,,34451,bi15959688156ichV6QLvDxthJpRKO0S7wlFSJ9l1V,20,B,2,,,,2,,,,2,,,,,,,,,,,,,,,,,,,,,,,,,,,
,,34452,bi1596010504lPyVZtP62K3B8o9OPbLZhpzHJ4ywGI,20,A,17,,,,17,,,,18,,,,,,,,,,,,,,,,,,,,,,,,,,,
,,34454,bi1596029453hJjQe2TR9l5IK4GLmyibzUqR0nfwMq,20,A,17,,,,20,,,,16,,,,,,,,,,,,,,,,,,,,,,,,,,,
,,34455,bi1596039859Ln0HVqO5C1Z7vxhaBBi4ttR88yCoQQ,20,A,19,,,,20,,,,18,,,,,,,,,,,,,,,,,,,,,,,,,,,
,,34771,bi15960444543wmpD7ozsyx6gVtaTvEaMQOx3E1SnD,20,A,16,,,,10,,,,18,,,,,,,,,,,,,,,,,,,,,,,,,,,
,,34456,bi159604449633Ic8yh1NBapvPvPQSRr6BLCrKorEZ,20,A,13,,,,11,,,,14,,,,,,,,,,,,,,,,,,,,,,,,,,,
,,34457,bi1596045037rTzcnIMzvyNudvJwxtQLEDLQRsWuIn,20,A,16,,,,16,,,,17,,,,,,,,,,,,,,,,,,,,,,,,,,,
,,34458,bi15960549820s8T1JvAF8U6WE0gyIg5lUSCJJ3Mbw,20,A,17,,,,17,,,,17,,,,,,,,,,,,,,,,,,,,,,,,,,,
,,34461,bi1596104892HNdOvc48ea9BIwOirpsg9JcjdfGZvk,20,A,15,,,,11,,,,17,,,,,,,,,,,,,,,,,,,,,,,,,,,
,,34462,bi1596107802v3Zae7yKpAmokIGSuKpQ6g8ARtFKRd,20,A,16,,,,12,,,,17,,,,,,,,,,,,,,,,,,,,,,,,,,,
,,34773,bi1596130320YNz8Q4CHYrMn2asxiccDGirf5KFxAA,20,A,10,,,,2,,,,13,,,,,,,,,,,,,,,,,,,,,,,,,,,
,,34774,bi1596132383murQov4aJnZYCiOC5YnoU98o048cHP,20,A,16,,,,17,,,,16,,,,,,,,,,,,,,,,,,,,,,,,,,,
,,34464,bi1596187445IqltkivrarFJkro4ZW2aRRnAodDwBx,20,A,20,,,,20,,,,20,,,,,,,,,,,,,,,,,,,,,,,,,,,
,,34465,bi1596194349lEQSt9wKeIuWFUTyc1alkQ6zvGqJwR,20,A,16,,,,11,,,,18,,,,,,,,,,,,,,,,,,,,,,,,,,,
,,34776,bi1596194927zlpKKFyyOQCcYL1xmRsd9ScgcVWSoR,20,A,15,,,,0,,,,20,,,,,,,,,,,,,,,,,,,,,,,,,,,
,,34466,bi1596196690YXzNL2yp0OvMB6jQCpgJJ1lDkLvKSN,20,A,17,,,,17,,,,18,,,,,,,,,,,,,,,,,,,,,,,,,,,
,,34468,bi1596205264gtRDHuPDcTjcaXCtScdBifPVwqhl7i,20,A,17,,,,11,,,,19,,,,,,,,,,,,,,,,,,,,,,,,,,,
,,34470,bi15962163999EVruzsfeNQnc9BrersuIFixj2jPrd,20,A,15,,,,8,,,,17,,,,,,,,,,,,,,,,,,,,,,,,,,,
,,34777,bi159622240257khxfVcZ3eCv7v1Wc5Zrr51QcXmun,20,A,11,,,,4,,,,14,,,,,,,,,,,,,,,,,,,,,,,,,,,
,,34778,bi1596225206ZsbN24H3WWpQQGelCOpRLp0Ol0DUZE,20,A,18,,,,11,,,,20,,,,,,,,,,,,,,,,,,,,,,,,,,,
,,34472,bi1596229738E70AkrG60sEnTWpeGqFZZCq2c8RUW9,20,A,13,,,,16,,,,12,,,,,,,,,,,,,,,,,,,,,,,,,,,
,,34473,bi1596230637QjOTzPVu3KP4pgJePhTJPuYUQV8tyv,20,A,12,,,,8,,,,13,,,,,,,,,,,,,,,,,,,,,,,,,,,
,,34474,bi1596237766gLjObjypE0U5xr3QO1OJjVysgD6wWQ,20,A,10,,,,7,,,,11,,,,,,,,,,,,,,,,,,,,,,,,,,,
,,34779,bi1596315644Sr42fGIMeldEEhB9j79WXEvDrEzjuo,20,A,14,,,,16,,,,14,,,,,,,,,,,,,,,,,,,,,,,,,,,
,,34482,bi1596362837PO6g1Nb3EV0uPhrR6B7Hd3pRojYa6y,20,A,15,,,,10,,,,17,,,,,,,,,,,,,,,,,,,,,,,,,,,
,,34483,bi159636671845y43PamoB1zrxLnYtXeHHSIYVKClg,20,A,10,,,,-2,,,,15,,,,,,,,,,,,,,,,,,,,,,,,,,,
,,34484,bi1596367918nWsVOrCtIqhxPeS7cltprwNkPROCJt,20,B,5,,,,2,,,,7,,,,,,,,,,,,,,,,,,,,,,,,,,,
,,34485,bi1596369214qlbRH4MaXQAlOnivfRWPQw7kBqRXZx,20,A,18,,,,20,,,,17,,,,,,,,,,,,,,,,,,,,,,,,,,,
,,34487,bi1596370356UUHxr9AQiogaTUuP8Bp4U16gTvcy8U,20,A,14,,,,16,,,,13,,,,,,,,,,,,,,,,,,,,,,,,,,,
,,34489,bi1596377195JmiJM1TgXoPd0TaMbHd6tZZWlmQpVW,20,A,12,,,,16,,,,10,,,,,,,,,,,,,,,,,,,,,,,,,,,
,,34490,bi1596380638jyg9q9HpUd7EqjfSRj4rjjaF7pcO9R,20,A,16,,,,20,,,,15,,,,,,,,,,,,,,,,,,,,,,,,,,,
,,34492,bi1596385653E6EDxtxmbW9Huv7sh0gqb3fzZ6a1AO,20,A,18,,,,16,,,,18,,,,,,,,,,,,,,,,,,,,,,,,,,,
,,34493,bi1596385911O7YLdJT6GJUJBBzT2TdbnbgHk882yG,20,A,18,,,,11,,,,20,,,,,,,,,,,,,,,,,,,,,,,,,,,
,,34780,bi1596391247EOPlEyEViWOoXUu5AI5U4a6JPMQSaM,20,B,9,,,,16,,,,7,,,,,,,,,,,,,,,,,,,,,,,,,,,
,,34497,bi1596395125wqSNxvjjIS8ACO0zjJGNgpJClS1EyH,20,A,16,,,,13,,,,17,,,,,,,,,,,,,,,,,,,,,,,,,,,
,,34498,bi1596437392nIO0yIRc6ifjGROR3nLg0fXzIN6WJP,20,A,17,,,,17,,,,17,,,,,,,,,,,,,,,,,,,,,,,,,,,
,,34500,bi1596452246ER5agizQmEBY4hnKHfdSbwI7szCPs9,20,A,19,,,,16,,,,20,,,,,,,,,,,,,,,,,,,,,,,,,,,
,,34506,bi1596456928uZTP03PMhnBmMdC1rhkL8XMcIgLWyu,20,A,11,,,,1,,,,15,,,,,,,,,,,,,,,,,,,,,,,,,,,
,,34516,bi1596483330hT5xr7mD3KkpO7FuoyySUfLOGTnYBz,20,A,10,,,,2,,,,13,,,,,,,,,,,,,,,,,,,,,,,,,,,
,,34517,bi1596536507BND4plam4BMBMYcvF5EsdIhl6rHCZW,20,A,16,,,,16,,,,17,,,,,,,,,,,,,,,,,,,,,,,,,,,
,,34519,bi1596543881QeqYN4q9DXCI7uNoBxoUH7decQyNIq,20,A,19,,,,20,,,,18,,,,,,,,,,,,,,,,,,,,,,,,,,,
,,34520,bi15965443911uhnLOYyEqgIDiF9DXgf5TJSKHVI3h,20,A,20,,,,20,,,,20,,,,,,,,,,,,,,,,,,,,,,,,,,,
,,34521,bi1596546660XTV7af8H1sheEWYdm291i5O49OkvpA,20,A,14,,,,11,,,,15,,,,,,,,,,,,,,,,,,,,,,,,,,,
,,34522,bi1596550273EWW7JmQKWsheZvY2uIelXENvzTRweM,20,A,18,,,,16,,,,18,,,,,,,,,,,,,,,,,,,,,,,,,,,
,,34523,bi1596552821oUy9MbF6gUv75Zlq3UX2eqkmmPXrKE,20,A,12,,,,9,,,,13,,,,,,,,,,,,,,,,,,,,,,,,,,,
,,34526,bi1596566389IHIklslQkrHlZhpHwBVWOjEm8Pt88c,20,A,18,,,,16,,,,18,,,,,,,,,,,,,,,,,,,,,,,,,,,
,,34527,bi1596569053vweJWQU9hWu3CEFAOQyujWyefuF8Td,20,A,18,,,,11,,,,20,,,,,,,,,,,,,,,,,,,,,,,,,,,
,,34530,bi1596617839JP1064IwAeAzTYC38LAK38dRruIGKt,20,A,15,,,,11,,,,16,,,,,,,,,,,,,,,,,,,,,,,,,,,
,,34533,bi1596648001fxf3rtvy5S5HUrk4wPPZ8JgVKGQkvv,20,A,11,,,,11,,,,11,,,,,,,,,,,,,,,,,,,,,,,,,,,
,,34534,bi1596649487zOlsU9ChID9kwLraMFrReLwTHwpj43,20,A,12,,,,11,,,,12,,,,,,,,,,,,,,,,,,,,,,,,,,,
,,34535,bi15966496839tDZKgOdqRSj2kfzmqWhxqKO2jKeV6,20,A,16,,,,20,,,,15,,,,,,,,,,,,,,,,,,,,,,,,,,,
,,34537,bi1596651446QbSnkmZbkkpcJ9e5uq5CCLSDChRNp1,20,A,12,,,,2,,,,15,,,,,,,,,,,,,,,,,,,,,,,,,,,
,,34538,bi1596653459ukfz9jjSo61FiI00DLUQdXlkBIiv3f,20,A,16,,,,16,,,,17,,,,,,,,,,,,,,,,,,,,,,,,,,,
,,34784,bi1596664623y20PuCzZE6mqEs6UCjE3R6qav6upoX,20,A,20,,,,20,,,,20,,,,,,,,,,,,,,,,,,,,,,,,,,,
,,34542,bi1596719483GeeddJIN134DBXtIEEJiGtdX9S99di,20,A,13,,,,11,,,,13,,,,,,,,,,,,,,,,,,,,,,,,,,,
,,34543,bi1596725515I2Q0bExy1ZJtYB9BFd3KDVJavUu9ix,20,A,15,,,,7,,,,18,,,,,,,,,,,,,,,,,,,,,,,,,,,
,,34546,bi1596735320yT4x3U99EJGUa6wiG1ddGHqjsGxbbP,20,A,14,,,,12,,,,15,,,,,,,,,,,,,,,,,,,,,,,,,,,
,,34548,bi1596750900bBk5kIzLZDheZYUgCEUx4pCrJfbQrJ,20,A,18,,,,16,,,,18,,,,,,,,,,,,,,,,,,,,,,,,,,,
,,34549,bi1596782035Qj93rNVCSPK7r3KDaHWuaRzihb1sfR,20,B,8,,,,11,,,,6,,,,,,,,,,,,,,,,,,,,,,,,,,,
,,34551,bi1596795217JFncVYhiurgCfZNw6tZQw6WCED69Zu,20,A,19,,,,17,,,,20,,,,,,,,,,,,,,,,,,,,,,,,,,,
,,34553,bi1596801186kQdhdDHoGiw3e3AQ8KZWGuYajOqZSi,20,A,10,,,,17,,,,8,,,,,,,,,,,,,,,,,,,,,,,,,,,
,,34556,bi1596803140wXbQ3xqBvPxhbyPwrVV9FEYUybirBz,20,A,20,,,,20,,,,20,,,,,,,,,,,,,,,,,,,,,,,,,,,
,,34558,bi159680606271X314Xqnl76IirNsJvpNXrOj6fJ1Q,20,A,18,,,,16,,,,19,,,,,,,,,,,,,,,,,,,,,,,,,,,
,,34562,bi1596812135PdDPQ6hESKCmvbyGzEy80deFPzUKau,20,B,8,,,,0,,,,11,,,,,,,,,,,,,,,,,,,,,,,,,,,
,,34563,bi1596816662XGEdv0KQoy6UxmPQC1O1jdENfQfFPN,20,A,19,,,,20,,,,18,,,,,,,,,,,,,,,,,,,,,,,,,,,
,,34564,bi1596819889mVsndQPk0ojw0exKDtGZCVsFrIsTlg,20,A,16,,,,17,,,,15,,,,,,,,,,,,,,,,,,,,,,,,,,,
,,34566,bi1596831470sk2w5NiKGX1KJOfRQKc4rsTmq7hGWv,20,A,18,,,,20,,,,17,,,,,,,,,,,,,,,,,,,,,,,,,,,
,,34569,bi15968792627mTSCsTj7yGZq4HPFDjQxaQRFywzs8,20,A,18,,,,16,,,,18,,,,,,,,,,,,,,,,,,,,,,,,,,,
,,34571,bi1596883644zvlrfZ26KerZrGrWg6PtQdZC5cARv4,20,A,15,,,,11,,,,17,,,,,,,,,,,,,,,,,,,,,,,,,,,
,,34572,bi1596884270FiHWNoGPugPnsXkb54Up0XoVmkhvwp,20,B,6,,,,-1,,,,9,,,,,,,,,,,,,,,,,,,,,,,,,,,
,,34579,bi1596904548EcH6ntKXBqxReOzVFfhAf5xFXOuWgq,20,A,14,,,,16,,,,14,,,,,,,,,,,,,,,,,,,,,,,,,,,
,,34582,bi1596958301g98PeBjsUdZAXEWdzBKqiU4bcHC7YN,20,B,9,,,,3,,,,11,,,,,,,,,,,,,,,,,,,,,,,,,,,
,,34583,bi1596960518NbVell9ga98quYNml8WthAtbYf2Q2F,20,A,12,,,,11,,,,12,,,,,,,,,,,,,,,,,,,,,,,,,,,
,,34584,bi1596965069Xat0ijnOuLWcIKekj4nMFtFVFmpuRe,20,A,10,,,,2,,,,13,,,,,,,,,,,,,,,,,,,,,,,,,,,
,,34587,bi1596977716TeBqhKbEbrvIeswQORP2GJvOqxWPeO,20,A,19,,,,20,,,,18,,,,,,,,,,,,,,,,,,,,,,,,,,,
,,34588,bi1596987360vDNGWcn91Ju6Ou8iO4kFZhX9n7eR5o,20,A,15,,,,7,,,,18,,,,,,,,,,,,,,,,,,,,,,,,,,,
,,34589,bi1597004172n1oeAzkzY9QikN2lmlku6K3aleBPLH,20,A,18,,,,16,,,,18,,,,,,,,,,,,,,,,,,,,,,,,,,,
,,34594,bi1597058597eEh2hi4ftgB7vRIfupMGgplViFsmqs,20,A,19,,,,20,,,,18,,,,,,,,,,,,,,,,,,,,,,,,,,,
,,34597,bi1597069702BjM6YMBz8butCWEKJSzoezPCeDrtgz,20,B,9,,,,6,,,,11,,,,,,,,,,,,,,,,,,,,,,,,,,,
,,34598,bi1597076444hfCs4pcnPihvAqNBH4oogyXj9NobGx,20,A,18,,,,17,,,,18,,,,,,,,,,,,,,,,,,,,,,,,,,,
,,34794,bi1597077676vKu5Weux5UMeEaoV2qXkcOipaenIas,20,A,10,,,,6,,,,12,,,,,,,,,,,,,,,,,,,,,,,,,,,
,,34599,bi15970840429oP5l10PcsCYLxLeROBodbj8FTeS7F,20,A,18,,,,20,,,,17,,,,,,,,,,,,,,,,,,,,,,,,,,,
,,34796,bi1597085752AxHgMSu0w5VQogUv1KbgsM3AqDDqEi,20,A,18,,,,20,,,,17,,,,,,,,,,,,,,,,,,,,,,,,,,,
,,34797,bi15970893832x60G5DqWDouwWdXUpxRr55semI8Bp,20,A,11,,,,11,,,,10,,,,,,,,,,,,,,,,,,,,,,,,,,,
,,34601,bi1597101413C8IPDs3SSJDGNfMT7CaW5MMnd2yY5B,20,A,20,,,,20,,,,20,,,,,,,,,,,,,,,,,,,,,,,,,,,
,,34603,bi1597133109QnA6Qw4f2nPy3Sbc46cbv4lOZXU9yT,20,A,19,,,,20,,,,18,,,,,,,,,,,,,,,,,,,,,,,,,,,
,,34604,bi1597134784SqXn2gBdVjB6lQnopqOOspS0gWRFeA,20,A,16,,,,11,,,,18,,,,,,,,,,,,,,,,,,,,,,,,,,,
,,34612,bi1597153460hHYVa3ccET8fibcfaB52vBYrrxEs6B,20,A,11,,,,12,,,,10,,,,,,,,,,,,,,,,,,,,,,,,,,,
,,34802,bi1597155239AETwoBQapBdUeLsdHdeBqBoqbaD6vv,20,A,11,,,,6,,,,13,,,,,,,,,,,,,,,,,,,,,,,,,,,
,,34803,bi15971579385XxzpdscqrRAMKVZuUFFNbAClFUvUw,20,A,14,,,,16,,,,13,,,,,,,,,,,,,,,,,,,,,,,,,,,
,,34804,bi1597158045bwN7s4ZMKiQLQINfHkVe4mXplOn905,20,A,13,,,,11,,,,13,,,,,,,,,,,,,,,,,,,,,,,,,,,
,,34805,bi1597164934biWCpk2xthRlUPcAv250YMVMQnyG1U,20,A,18,,,,16,,,,18,,,,,,,,,,,,,,,,,,,,,,,,,,,
,,34806,bi1597166949vnlYb35eDunYuI9NEeD0jZVkoDZQKh,20,B,6,,,,1,,,,8,,,,,,,,,,,,,,,,,,,,,,,,,,,
,,34619,bi1597167418eYKqBA6qlg0e5wn4QiUywa59c68eRB,20,A,18,,,,11,,,,20,,,,,,,,,,,,,,,,,,,,,,,,,,,
,,34621,bi1597180315Cnt4FX5guu6Qd7k9C5t04ig7uOf8lC,20,A,19,,,,20,,,,19,,,,,,,,,,,,,,,,,,,,,,,,,,,
,,34622,bi15971816568MFRB18YjfI8WTtSb2pa8WQAK6GIZ8,20,A,12,,,,-2,,,,17,,,,,,,,,,,,,,,,,,,,,,,,,,,
,,34626,bi1597223915LDkJtHSLsjsjVdd9HPO8VZlyYYIxNw,20,A,18,,,,20,,,,17,,,,,,,,,,,,,,,,,,,,,,,,,,,
,,34627,bi1597224910jQb8c6kIItzbaqLEUH1ARYOfxIgbzw,20,A,19,,,,20,,,,18,,,,,,,,,,,,,,,,,,,,,,,,,,,
,,34810,bi1597228742dNFztbJy3S755OcGwG0Hhtz4uR013y,20,A,17,,,,12,,,,18,,,,,,,,,,,,,,,,,,,,,,,,,,,
,,34631,bi1597232394rFNMwB4SmQ87aQNaZdP5r47O1HHtTS,20,A,15,,,,9,,,,17,,,,,,,,,,,,,,,,,,,,,,,,,,,
,,34632,bi1597233561XmKdOTst7xLcpwlbfYHPQqfl5mGST7,20,A,15,,,,11,,,,17,,,,,,,,,,,,,,,,,,,,,,,,,,,
,,34633,bi1597236750bH3RQMqpKumqVPh7x15XFX8vER4fvq,20,A,15,,,,8,,,,18,,,,,,,,,,,,,,,,,,,,,,,,,,,
,,34634,bi1597240929xxJQQULsnkLEXRC7wfW5qTeBgDG8sx,20,A,15,,,,9,,,,17,,,,,,,,,,,,,,,,,,,,,,,,,,,
,,34636,bi1597243179d7mIfOszwZUYUyncf7iBdCKpIKmxvi,20,A,17,,,,8,,,,20,,,,,,,,,,,,,,,,,,,,,,,,,,,
,,34638,bi1597255277v8SByqpzWx5WYo99Ncsh5bSuiggUiy,20,B,6,,,,9,,,,5,,,,,,,,,,,,,,,,,,,,,,,,,,,
,,34813,bi1597259319OzNebMcnxrKKTn0YLqH2kB8nOG2zeY,20,B,5,,,,3,,,,6,,,,,,,,,,,,,,,,,,,,,,,,,,,
,,34640,bi1597300720CWwMz98nS9Hxs4NLlv4hks5ia3b9JF,20,B,4,,,,4,,,,4,,,,,,,,,,,,,,,,,,,,,,,,,,,
,,34641,bi1597304817qa57jyGfWdxui3vITIacfewQs2K3fJ,20,B,8,,,,6,,,,8,,,,,,,,,,,,,,,,,,,,,,,,,,,
,,34816,bi1597305489PMhojxUz5FAErjpDoyvMZ30nOFZOCB,20,A,14,,,,11,,,,15,,,,,,,,,,,,,,,,,,,,,,,,,,,
,,34817,bi1597307444VNmRL9B3i7tW21N62HT74G8U6L0KnB,20,A,12,,,,6,,,,15,,,,,,,,,,,,,,,,,,,,,,,,,,,
,,34643,bi1597310478d8uSTgOX0NrM7Nlm770cZqTJN7YFoV,20,A,10,,,,10,,,,10,,,,,,,,,,,,,,,,,,,,,,,,,,,
,,34644,bi15973105788X7YuZNn8rVXVM3VXvSm4v62bEHarT,20,A,12,,,,8,,,,14,,,,,,,,,,,,,,,,,,,,,,,,,,,
,,34818,bi1597310684k1y6LqyfgzIYTC9jddih7vrQiCm9ff,20,A,13,,,,7,,,,15,,,,,,,,,,,,,,,,,,,,,,,,,,,
,,34819,bi1597311207g9VALghdwc76jcqqtG7XkciOCoo5JO,20,A,16,,,,7,,,,20,,,,,,,,,,,,,,,,,,,,,,,,,,,
,,34822,bi1597316384NnvvAgmvxD4LmWVjQey5DCYrD1UWK5,20,B,4,,,,7,,,,3,,,,,,,,,,,,,,,,,,,,,,,,,,,
,,34647,bi1597317329GidxiRsYOfEOuTeohWG4pTFos6dP46,20,B,5,,,,4,,,,5,,,,,,,,,,,,,,,,,,,,,,,,,,,
,,34648,bi1597317897VmvpdM4tp904cfkyHOeDycR8cVFAW4,20,A,13,,,,7,,,,15,,,,,,,,,,,,,,,,,,,,,,,,,,,
,,34649,bi1597318742RKnx03HZsohKsK8VOch8Pha3YmMAtf,20,A,15,,,,8,,,,18,,,,,,,,,,,,,,,,,,,,,,,,,,,
,,34650,bi1597320026ctJSZ4wwjnjvH8p02WvlJrcRBZa0vv,20,A,18,,,,20,,,,17,,,,,,,,,,,,,,,,,,,,,,,,,,,
,,34651,bi1597320558TILEb0u5FClsJiY67vkreLG3NRfiDO,20,A,13,,,,16,,,,12,,,,,,,,,,,,,,,,,,,,,,,,,,,
,,34652,bi15973227212jhvq7QXoqBSu1RSLjtVh8PjUF6CRP,20,B,7,,,,7,,,,7,,,,,,,,,,,,,,,,,,,,,,,,,,,
,,34654,bi1597329224Hy1I3mQRmfQlXfntmjiDnA6L7uBT9k,20,B,9,,,,3,,,,11,,,,,,,,,,,,,,,,,,,,,,,,,,,
,,34826,bi1597335208REdpjfmSSFv36FRv3EUSaUdwc00uO5,20,A,13,,,,12,,,,14,,,,,,,,,,,,,,,,,,,,,,,,,,,
,,34828,bi1597337903xg2m8GvnEMgADvLTVTMlvDs3Adlfbd,20,A,12,,,,13,,,,11,,,,,,,,,,,,,,,,,,,,,,,,,,,
,,34656,bi1597337940Rbu4kgD6bqbhJ4gZF7c3RSNbLdoij1,20,B,3,,,,3,,,,3,,,,,,,,,,,,,,,,,,,,,,,,,,,
,,34657,bi1597339390PjovC7Vy8XC7rGVt1caT6hk0XfnOnF,20,A,13,,,,9,,,,15,,,,,,,,,,,,,,,,,,,,,,,,,,,
,,34658,bi1597339874DV9fLpdGfjLtglmqBbSCsIUuB46Tf1,20,A,20,,,,20,,,,20,,,,,,,,,,,,,,,,,,,,,,,,,,,
,,34660,bi1597340256LwibfKMfNYMA3tvwDFM0FyPX1w70df,20,A,15,,,,16,,,,15,,,,,,,,,,,,,,,,,,,,,,,,,,,
,,34829,bi1597340711UhEhwt7RljcEgssrlYF4cokmx9wkwT,20,A,17,,,,17,,,,17,,,,,,,,,,,,,,,,,,,,,,,,,,,
,,34662,bi1597341053kC8hUvpsZ8ZIjYw8PULBsfm8enyaSx,20,A,16,,,,16,,,,17,,,,,,,,,,,,,,,,,,,,,,,,,,,
,,34663,bi1597346793w7pZ0cnUypA9NjSUgY6GdRy45eP2Yt,20,A,15,,,,20,,,,14,,,,,,,,,,,,,,,,,,,,,,,,,,,
,,34665,bi1597358656bbUjlTWg12VVJQxKjS85NfqEmD9MfP,20,A,20,,,,20,,,,20,,,,,,,,,,,,,,,,,,,,,,,,,,,
,,34831,bi1597390175HS4DaXdqS7DbzQ0JbxraAhhOrLlbSr,20,A,14,,,,3,,,,18,,,,,,,,,,,,,,,,,,,,,,,,,,,
,,34666,bi1597393472QjQ3y0TFZpQ3SEiSZqU0R4Buz878PU,20,A,18,,,,12,,,,20,,,,,,,,,,,,,,,,,,,,,,,,,,,
,,34673,bi1597404815HlaVedBLzvyrB6q9QYkwqvtQBrOpT7,20,A,17,,,,16,,,,17,,,,,,,,,,,,,,,,,,,,,,,,,,,
,,34674,bi1597408392yjVGRZKU5FrZhezkMRQvFQCbQYvkzs,20,A,19,,,,20,,,,18,,,,,,,,,,,,,,,,,,,,,,,,,,,
,,34679,bi1597414787rpXYr2pjenlbWjPCU5OpTVCdMgg8fT,20,A,15,,,,13,,,,15,,,,,,,,,,,,,,,,,,,,,,,,,,,
,,34680,bi1597415038OKQzfKMJxG67IdopWP2KXdIWJqS6ug,20,B,3,,,,7,,,,2,,,,,,,,,,,,,,,,,,,,,,,,,,,
,,34681,bi1597416159Lh53EF9bbjxITZuRtGzB6L4rg5P4g0,20,A,14,,,,7,,,,17,,,,,,,,,,,,,,,,,,,,,,,,,,,
,,34682,bi1597418875qi4CW9xDD3CWJw77fD9VlBHDKCcTaF,20,A,16,,,,16,,,,17,,,,,,,,,,,,,,,,,,,,,,,,,,,
,,34683,bi1597421104mZSLBSV9v7BpTHf6NHnxkAFCqB1PyZ,20,A,19,,,,20,,,,18,,,,,,,,,,,,,,,,,,,,,,,,,,,
,,34687,bi1597422141A7lhZ3yDA2vHIqFOWgSnAYnOlRsIT3,20,A,12,,,,11,,,,12,,,,,,,,,,,,,,,,,,,,,,,,,,,
,,34690,bi1597428358FYOteIMK4q67D1pM52AHA3CXbMPPov,20,A,14,,,,7,,,,17,,,,,,,,,,,,,,,,,,,,,,,,,,,
,,34699,bi1597435574vrpzsRsS6CCKA0gP9TzAzt8P9fjQ4l,20,B,9,,,,9,,,,9,,,,,,,,,,,,,,,,,,,,,,,,,,,
,,34700,bi1597436607bb2UAjpVkj3eMl9M48k3VKspfQdqdI,20,B,6,,,,-1,,,,8,,,,,,,,,,,,,,,,,,,,,,,,,,,
,,34701,bi1597437007yrza1gG1pTBgmYbgYPiReizF88tK6N,20,A,17,,,,17,,,,17,,,,,,,,,,,,,,,,,,,,,,,,,,,
,,34703,bi1597439288UDv9P6vGhfgDZN3GT4VgRdwrKP1DUA,20,A,18,,,,17,,,,18,,,,,,,,,,,,,,,,,,,,,,,,,,,
,,34704,bi1597466987nFMjgyW0suvhRrJJNH5kfhX4pa8SUw,20,A,15,,,,16,,,,15,,,,,,,,,,,,,,,,,,,,,,,,,,,
,,34705,bi1597475267fc5VpkOmAHzBDNqzWOXQJryiuRKSot,20,A,10,,,,-2,,,,14,,,,,,,,,,,,,,,,,,,,,,,,,,,
,,34841,bi1597480662ciA1JYMyv9nTr8DVYCf7tQlf6R82du,20,A,14,,,,16,,,,13,,,,,,,,,,,,,,,,,,,,,,,,,,,
,,34842,bi1597485276MLBUw83k9ppWV7voTViOCO1hEovjjU,20,A,15,,,,13,,,,16,,,,,,,,,,,,,,,,,,,,,,,,,,,
,,34708,bi1597488753oquutLsusYm2ystpJDo0u5nLSFm4bv,20,B,3,,,,0,,,,4,,,,,,,,,,,,,,,,,,,,,,,,,,,
,,34709,bi15974905300ELqhIqLYUGc8uYS4XcixUmQryQOzA,20,B,7,,,,11,,,,5,,,,,,,,,,,,,,,,,,,,,,,,,,,
,,34710,bi15974947240GUSt8tzOoRsn8Ahb9PJyiU89IutE6,20,A,15,,,,20,,,,13,,,,,,,,,,,,,,,,,,,,,,,,,,,
,,34713,bi1597501010Fb4NgT5HS8Jq4V3HZy9s7pDqXo0VXu,20,A,12,,,,8,,,,14,,,,,,,,,,,,,,,,,,,,,,,,,,,
,,34844,bi1597501448oJwzLbT66ndLlgXvPATm5rWLnD4YA6,20,A,12,,,,8,,,,13,,,,,,,,,,,,,,,,,,,,,,,,,,,
,,34715,bi1597503068DyIBbIHgzpKmr1qiUM5owlnzKOtxEm,20,A,18,,,,20,,,,17,,,,,,,,,,,,,,,,,,,,,,,,,,,
,,34716,bi1597505482v6m6wKUyNwsibWeNbfaXc2AfGgku6W,20,A,17,,,,17,,,,17,,,,,,,,,,,,,,,,,,,,,,,,,,,
,,34717,bi1597505672wrZtrGaWHiVpTYusX1m7tJt2LITNk9,20,A,19,,,,17,,,,20,,,,,,,,,,,,,,,,,,,,,,,,,,,
,,34845,bi1597506439TH50El1xt9kxvd297s2phxWjyGrjfE,20,B,9,,,,2,,,,11,,,,,,,,,,,,,,,,,,,,,,,,,,,
,,34846,bi1597510821sLsX0doEopT9GKTYf0Age2otaM5SYL,20,A,20,,,,20,,,,20,,,,,,,,,,,,,,,,,,,,,,,,,,,
,,34719,bi1597515770cU0uZ8L1R7noB1icp9ANtAgrTMxzGJ,20,A,17,,,,17,,,,17,,,,,,,,,,,,,,,,,,,,,,,,,,,
,,34720,bi1597518033bqLA8x6osCJresS7xbcjKgj5w09iCH,20,A,18,,,,16,,,,18,,,,,,,,,,,,,,,,,,,,,,,,,,,
,,34849,bi15975191307qU4Bb7meIKk0lR9H5lLQiN9ZOc4JK,20,A,19,,,,20,,,,18,,,,,,,,,,,,,,,,,,,,,,,,,,,
,,34724,bi15975235717oQSWrGrQSrjoBKdbJV5DrOUt4iRAN,20,A,12,,,,3,,,,15,,,,,,,,,,,,,,,,,,,,,,,,,,,
,,34851,bi1597527928FUSAoWj1fTU6Mp7DchLXvnUMdTVkpW,20,A,12,,,,9,,,,14,,,,,,,,,,,,,,,,,,,,,,,,,,,
